{"cameraMode":{"drawMode":0,"name":"Shaded","section":"Shading Mode"},"sceneLighting":true,"audioPlay":false,"sceneViewState":{"m_AlwaysRefresh":false,"showFog":true,"showSkybox":true,"showFlares":true,"showImageEffects":true,"showParticleSystems":true,"showVisualEffectGraphs":true,"m_FxEnabled":true},"in2DMode":false,"pivot":{"x":32.7895393371582,"y":0.13561151921749116,"z":-8.790199279785157},"rotation":{"x":-0.001433115336112678,"y":-0.7027521133422852,"z":-0.0015277628554031253,"w":0.7115893959999085},"size":1.6900584697723389,"orthographic":false}